<SERVICE_RESTART>
		
		<SERVER_SERVICE_COMBINATION>
			<SERVERS>appserver01</SERVERS>
			<SERVICES>Spooler</SERVICES>
		</SERVER_SERVICE_COMBINATION>
		
		<SERVER_SERVICE_COMBINATION>
			<SERVERS>appserver02</SERVERS>
			<SERVICES>Spooler,WpnService</SERVICES>
		</SERVER_SERVICE_COMBINATION>
			
		
		<SERVER_SERVICE_COMBINATION>
			<SERVERS>appserver01,appserver02</SERVERS>
			<SERVICES>pla,Spooler,WpnService</SERVICES>
		</SERVER_SERVICE_COMBINATION>
			
		
</SERVICE_RESTART>	

